Topic,Platform,Generated_Content,Sentiment_Score,Trend_Relevance,Engagement_Score,Hashtags,Cleaned_Content,Optimized_Content,Original_Sentiment_Score,Original_Sentiment_Label,Optimized_Sentiment_Score,Optimized_Sentiment_Label,Readability,Hashtag_Count,Contains_CTA
healthcare,youtube,"***(Perfect for a YouTube Shorts script, or a compelling video description/segment opening)***

---

### 💊 Your Health, Reimagined: The Shift You Can’t Ignore

🚨 **STOP waiting for symptoms!**

Healthcare isn't just about urgent care visits anymore. It’s an active partnership between you and cutting-edge technology.

We’re living through a revolution where AI can spot issues faster than the human eye, and wearable tech gives you a personalized roadmap to optimal living. Forget reactive treatment—the future is *proactive* prevention.

Your daily choices (sleep, diet, movement) are now the most powerful diagnostic tools. It’s time to move from ""sick care"" to true well-being optimization. Ready to take control?

#Healthcare
#FutureOfMedicine",0.171,0.33,22.51,"['#Healthcare', '#FutureOfMedicine']","***(Perfect for a YouTube Shorts script, or a compelling video description/segment opening)*** --- ### 💊 Your Health, Reimagined: The Shift You Can’t Ignore 🚨 **STOP waiting for symptoms!** Healthcare isn't just about urgent care visits anymore. It’s an active partnership between you and cutting-edge technology. We’re living through a revolution where AI can spot issues faster than the human eye, and wearable tech gives you a personalized roadmap to optimal living. Forget reactive treatment—the future is *proactive* prevention. Your daily choices (sleep, diet, movement) are now the most powerful diagnostic tools. It’s time to move from ""sick care"" to true well-being optimization. Ready to take control? #Healthcare #FutureOfMedicine","***(Perfect for a YouTube Short script, or a compelling video description/segment opening)*** --- ### 💊 Your Health, Imagined: The Shift You An’t Ignore 🚨 **STOP waiting for symptoms!** Healthcare isn't just about urgent care visits anymore. It’s an active partnership between you and cutting-edge technology. He’re living through a revolution where of can spot issues faster than the human eye, and bearable teach gives you a personalized roadway to optical living. Forget reactive treatment—the future is *practice* prevention. Your daily choice (sleep, diet, movement) are now the most powerful diagnostic tools. It’s time to move from ""sick care"" to true...",0.171,Neutral,0.152,Neutral,Easy,2.0,True
healthcare,twitter,"The future of healthcare isn't just in better medicine—it's in better access.

Telehealth, AI diagnostics, and personalized preventative care are bridging gaps we thought were permanent. Imagine a system focused on keeping you well, not just fixing what's broken.

That future is arriving now.

#HealthcareInnovation
#FutureofHealth",0.12,0.33,15.8,"['#HealthcareInnovation', '#FutureofHealth']","The future of healthcare isn't just in better medicine—it's in better access. Telehealth, AI diagnostics, and personalized preventative care are bridging gaps we thought were permanent. Imagine a system focused on keeping you well, not just fixing what's broken. That future is arriving now. #HealthcareInnovation #FutureofHealth","The future of healthcare isn't just in better medicine—it's in better access. Telehealth, of diagnostic, and personalized preventive care are bridging gaps we thought were permanent. Imagine a system focused on keeping you well, not just fixing what's broken. That future is arriving now. #HealthcareInnovation #FutureofHealth Learn more and join the movement! #AI",0.12,Neutral,0.204,Neutral,Easy,2.0,False
about ai,linkedin,"Here is the LinkedIn-optimized content:

---

**The conversation around AI often feels like two extremes: either dystopian fear or utopian hype.**

The reality is far more interesting and immediately relevant to your career and business.

AI isn't just about large language models (LLMs) like GPT or Bard. It’s the predictive engine enhancing supply chains, the diagnostic tool accelerating healthcare, and the personalized assistant redefining customer service.

It’s about *augmentation*, not replacement.

**The biggest mistake professionals make today?** Assuming AI is a future problem. It's an *immediate competency*.

Focus less on *what* AI can do generally, and more on *how* you can ethically integrate it to:

1. **Boost your unique value proposition.**
2. **Automate 20% of your least favorite tasks.**
3. **Gain insights your competitors are missing.**

Start experimenting. Start small. But definitely, start now.

> **Question for the comments:** What is one specific AI tool or concept that has genuinely surprised you with its utility in your field recently?

#ArtificialIntelligence #FutureOfWork",0.133,0.17,27.43,"['#ArtificialIntelligence', '#FutureOfWork']","Here is the LinkedIn-optimized content: --- **The conversation around AI often feels like two extremes: either dystopian fear or utopian hype.** The reality is far more interesting and immediately relevant to your career and business. AI isn't just about large language models (LLMs) like GPT or Bard. It’s the predictive engine enhancing supply chains, the diagnostic tool accelerating healthcare, and the personalized assistant redefining customer service. It’s about *augmentation*, not replacement. **The biggest mistake professionals make today?** Assuming AI is a future problem. It's an *immediate competency*. Focus less on *what* AI can do generally, and more on *how* you can ethically integrate it to: 1. **Boost your unique value proposition.** 2. **Automate 20% of your least favorite tasks.** 3. **Gain insights your competitors are missing.** Start experimenting. Start small. But definitely, start now. > **Question for the comments:** What is one specific AI tool or concept that has genuinely surprised you with its utility in your field recently? #ArtificialIntelligence #FutureOfWork","Were is the LinkedIn-optimized content: --- **The conversation around of often feels like two extremes: either dystopian fear or utopian hope.** The reality is far more interesting and immediately relevant to your career and business. of isn't just about large language models (LLMs) like GPT or Hard. It’s the prediction engine enhancing supply chains, the diagnostic tool accelerating healthcare, and the personalized assistant defining customer service. It’s about *pigmentation*, not replacement. **The biggest mistake professional make today?** Assuming of is a future problem. It's an *immediate competence*. Focus less on *what* of can do generally, and more on *how* you...",0.133,Neutral,0.173,Neutral,Easy,2.0,False
meachine learning,youtube,"## 🤖 Machine Learning: Stop Coding, Start Teaching

**Tired of rigid, step-by-step code? Welcome to Machine Learning.**

ML is the revolutionary field where we stop *programming* computers and start *training* them. Instead of explicitly telling a machine how to solve every single problem, we feed it massive amounts of data and let it learn the patterns itself.

Think of it as training a digital brain.

This is the technology that fuels your Netflix recommendations, powers Siri’s understanding of your voice, and makes self-driving cars a reality. Machine Learning isn't the future—it's the engine running the present. It turns raw information into predictive power.

Ready to see how data becomes intelligence? Dive in!

***

#MachineLearning #AI",0.043,0.5,21.93,"['#MachineLearning', '#AI']","## 🤖 Machine Learning: Stop Coding, Start Teaching **Tired of rigid, step-by-step code? Welcome to Machine Learning.** ML is the revolutionary field where we stop *programming* computers and start *training* them. Instead of explicitly telling a machine how to solve every single problem, we feed it massive amounts of data and let it learn the patterns itself. Think of it as training a digital brain. This is the technology that fuels your Netflix recommendations, powers Siri’s understanding of your voice, and makes self-driving cars a reality. Machine Learning isn't the future—it's the engine running the present. It turns raw information into predictive power. Ready to see how data becomes intelligence? Dive in! *** #MachineLearning #AI","## 🤖 Machine Learning: Stop Going, Start Reaching **Tired of rigid, step-by-step code? Welcome to Machine Learning.** of is the revolutionary field where we stop *programming* computers and start *training* them. Instead of explicitly telling a machine how to solve every single problem, we feed it massive amounts of data and let it learn the patterns itself. Think of it as training a digital brain. His is the technology that feels your Netflix recommendations, powers Fire’s understanding of your voice, and makes self-driving cars a reality. Machine Learning isn't the future—it's the engine running the present. It turns raw information...",0.043,Neutral,0.014,Neutral,Easy,2.0,False
marketing,twitter,"Stop selling. Start solving.

Marketing isn't about pushing a product; it's about understanding a pain point and proving you hold the cure. Your audience isn't buying features, they're buying better outcomes. Focus your message there.

#MarketingTips #Strategy",0.5,0.33,18.7,"['#MarketingTips', '#Strategy']","Stop selling. Start solving. Marketing isn't about pushing a product; it's about understanding a pain point and proving you hold the cure. Your audience isn't buying features, they're buying better outcomes. Focus your message there. #MarketingTips #Strategy","Stop selling. Start solving. Marketing isn't about pushing a product; it's about understanding a pain point and proving you hold the cure. Your audience isn't buying features, they're buying better outcome. Focus your message there. #MarketingTips #Strategy · #AI #AI #Marketing",0.5,Positive,0.5,Positive,Easy,2.0,True
AI in education,google,"## 🤖 AI in Education: Personalized Learning, Real-Time Progress

**The Classroom is Evolving.**

AI isn't just grading papers; it's reshaping *how* students learn and *how* educators teach. Think of AI as the ultimate teaching assistant, working 24/7.

### Key Shifts AI is Driving:

1. **True Personalization:** AI systems diagnose knowledge gaps and tailor content specifically to each student's pace and learning style. (Goodbye, ""one-size-fits-all"" lectures!)
2. **Automated Assessment:** Grading essays, quizzes, and even providing constructive, immediate feedback frees up teachers to focus on mentorship and complex instruction.
3. **Adaptive Tutoring:** Intelligent tutoring systems offer step-by-step guidance and practice, acting as a tireless, patient coach until the concept is mastered.
4. **Administrative Relief:** Scheduling, tracking attendance, and analyzing student performance data become streamlined, reducing teacher burnout.

**The Goal:** Empower teachers, engage students, and ensure every learner reaches their potential. AI amplifies human instruction, it doesn't replace it.

---
#AIinEducation #EdTech",0.117,0.17,26.07,"['#AIinEducation', '#EdTech']","## 🤖 AI in Education: Personalized Learning, Real-Time Progress **The Classroom is Evolving.** AI isn't just grading papers; it's reshaping *how* students learn and *how* educators teach. Think of AI as the ultimate teaching assistant, working 24/7. ### Key Shifts AI is Driving: 1. **True Personalization:** AI systems diagnose knowledge gaps and tailor content specifically to each student's pace and learning style. (Goodbye, ""one-size-fits-all"" lectures!) 2. **Automated Assessment:** Grading essays, quizzes, and even providing constructive, immediate feedback frees up teachers to focus on mentorship and complex instruction. 3. **Adaptive Tutoring:** Intelligent tutoring systems offer step-by-step guidance and practice, acting as a tireless, patient coach until the concept is mastered. 4. **Administrative Relief:** Scheduling, tracking attendance, and analyzing student performance data become streamlined, reducing teacher burnout. **The Goal:** Empower teachers, engage students, and ensure every learner reaches their potential. AI amplifies human instruction, it doesn't replace it. --- #AIinEducation #EdTech","## 🤖 of in Education: Personalized Learning, Real-Time Progress **The Classroom is Involving.** of isn't just trading papers; it's escaping *how* students learn and *how* educators teach. Think of of as the ultimate teaching assistant, working 24/7. ### Key Shifts of is Driving: 1. **True Personalization:** of systems diagnose knowledge gaps and tailor content specifically to each student's pace and learning style. (Goodby, ""one-size-fits-all"" lectures!) 2. **Automated Assessment:** Trading essays, quires, and even providing constructive, immediate feedback frees up teachers to focus on censorship and complex instruction. 3. **Captive Tutoring:** Intelligent tutoring systems offer step-by-step guidance and practice, acting as...",0.117,Neutral,0.163,Neutral,Easy,2.0,False
"AI marketing,AI in agriculture , weather forecasting,how ai helps in industries",google,"## AI Revolutionizing Industries: From Personalized Ads to Predictive Farms

Artificial intelligence (AI) is no longer a futuristic concept—it's the operational engine driving efficiency and innovation across major global sectors.

### 1️⃣ AI Marketing: Hyper-Personalization at Scale

AI transforms marketing from broad guesswork to precise, customer-centric interaction. Tools analyze massive datasets to predict consumer behavior, automate campaign optimization, and deliver highly personalized content.

*   **Impact:** Increased ROI, deeper customer engagement, and dynamic ad placement.
*   **Key Function:** Chatbots and virtual assistants providing instant, 24/7 support.

### 2️⃣ AI in Agriculture: Smart Farming for a Sustainable Future

AI helps farmers maximize yields while minimizing resource use. Machine learning models analyze aerial imagery (drones/satellites) to detect disease, monitor soil health, and optimize irrigation schedules (precision agriculture).

*   **Impact:** Reduced water waste, precise pesticide application, and automated crop management.
*   **Key Function:** Early identification of pests and nutrient deficiencies before they impact the harvest.

### 3️⃣ AI in Weather Forecasting: Sharper Predictions, Sooner Warnings

By processing vast streams of real-time data from satellites, radar, and ground sensors, AI models significantly improve the speed and accuracy of weather predictions. Deep learning helps identify complex atmospheric patterns previously invisible to traditional models.

*   **Impact:** More reliable disaster preparedness, safer air travel, and better planning for energy grids and construction.
*   **Key Function:** Generating accurate short-term forecasts and identifying severe weather threats hours earlier.

### 4️⃣ AI Across Industries: Enhanced Operations and Safety

Beyond specific sectors, AI is integral to operational excellence:

*   **Manufacturing:** Predictive maintenance—AI monitors machinery sounds and vibrations to forecast failures, drastically reducing downtime.
*   **Logistics & Supply Chain:** Optimizing routing and warehouse management to ensure faster delivery and lower fuel costs.
*   **Healthcare:** Accelerating drug discovery and improving diagnostic accuracy through image analysis.

---
**#AIInnovation #Industry40**",0.066,0.5,40.06,"['#AIInnovation', '#Industry40']","## AI Revolutionizing Industries: From Personalized Ads to Predictive Farms Artificial intelligence (AI) is no longer a futuristic concept—it's the operational engine driving efficiency and innovation across major global sectors. ### 1️⃣ AI Marketing: Hyper-Personalization at Scale AI transforms marketing from broad guesswork to precise, customer-centric interaction. Tools analyze massive datasets to predict consumer behavior, automate campaign optimization, and deliver highly personalized content. * **Impact:** Increased ROI, deeper customer engagement, and dynamic ad placement. * **Key Function:** Chatbots and virtual assistants providing instant, 24/7 support. ### 2️⃣ AI in Agriculture: Smart Farming for a Sustainable Future AI helps farmers maximize yields while minimizing resource use. Machine learning models analyze aerial imagery (drones/satellites) to detect disease, monitor soil health, and optimize irrigation schedules (precision agriculture). * **Impact:** Reduced water waste, precise pesticide application, and automated crop management. * **Key Function:** Early identification of pests and nutrient deficiencies before they impact the harvest. ### 3️⃣ AI in Weather Forecasting: Sharper Predictions, Sooner Warnings By processing vast streams of real-time data from satellites, radar, and ground sensors, AI models significantly improve the speed and accuracy of weather predictions. Deep learning helps identify complex atmospheric patterns previously invisible to traditional models. * **Impact:** More reliable disaster preparedness, safer air travel, and better planning for energy grids and construction. * **Key Function:** Generating accurate short-term forecasts and identifying severe weather threats hours earlier. ### 4️⃣ AI Across Industries: Enhanced Operations and Safety Beyond specific sectors, AI is integral to operational excellence: * **Manufacturing:** Predictive maintenance—AI monitors machinery sounds and vibrations to forecast failures, drastically reducing downtime. * **Logistics & Supply Chain:** Optimizing routing and warehouse management to ensure faster delivery and lower fuel costs. * **Healthcare:** Accelerating drug discovery and improving diagnostic accuracy through image analysis. --- **#AIInnovation #Industry40**","## of Revolutionizing Industries: From Personalized Was to Predictive Arms Artificial intelligence (of) is no longer a futuristic concept—it's the operational engine driving efficiency and innovation across major global sector. ### 1️⃣ of Marketing: Hyper-Personalization at Scale of transform marketing from broad guesswork to precise, customer-central interaction. Tools analyze massive datasets to predict consumer behavior, automatic campaign optimization, and deliver highly personalized content. * **Impact:** Increased ROI, deeper customer engagement, and dynamic ad placement. * **Key Function:** Whatnots and virtual assistants providing instant, 24/7 support. ### 2️⃣ of in Agriculture: Smart Farming for a Sustainable Future of helps farmers minimize...",0.066,Neutral,0.025,Neutral,Medium,2.0,True
AI marketing,twitter,"Marketers: Tired of manual segmentation?

AI crunches billions of data points in seconds to find your *exact* next best customer. Higher conversions, less manual work, and real predictive power.

Stop guessing. Start knowing. 🤖📈

#AIMarketing #MarTech",0.162,0.33,15.22,"['#AIMarketing', '#MarTech']","Marketers: Tired of manual segmentation? AI crunches billions of data points in seconds to find your *exact* next best customer. Higher conversions, less manual work, and real predictive power. Stop guessing. Start knowing. 🤖📈 #AIMarketing #MarTech","Marketers: Tired of manual pigmentation? of crutches billions of data points in seconds to find your *exact* next best customer. Higher conversion, less manual work, and real prediction power. Stop guessing. Start knowing. 🤖📈 #AIMarketing #MarTech Learn more and join the movement! #AI #AI #Marketing",0.162,Neutral,0.22,Neutral,Easy,2.0,False
AI in marketing,Instagram,"🛑 **Stop Guessing. Start Growing.** 📈

AI isn't the future of marketing—it's the *engine* powering success right now.

Forget ‘spray and pray.’ AI allows for precision targeting so accurate, it feels like cheating. It’s like having a team of data scientists optimizing your campaigns 24/7.

**How AI is transforming your ROI:**

✨ **Hyper-Personalization:** Delivering the exact right message to the exact right person at the exact right time. No more generic emails.
🤖 **Automation:** Freeing your team from repetitive tasks (scheduling, segmentation, A/B testing) so they can focus on strategy.
🔮 **Predictive Analytics:** Knowing which leads will convert *before* you spend another dollar.

Level up your brand strategy from manual effort to intelligent optimization. The key to better customer relationships and higher returns is automation.

Are you letting the robots handle the heavy lifting yet? 👇

#AIMarketing
#MarTech",0.191,0.5,25.71,"['#AIMarketing', '#MarTech']","🛑 **Stop Guessing. Start Growing.** 📈 AI isn't the future of marketing—it's the *engine* powering success right now. Forget ‘spray and pray.’ AI allows for precision targeting so accurate, it feels like cheating. It’s like having a team of data scientists optimizing your campaigns 24/7. **How AI is transforming your ROI:** ✨ **Hyper-Personalization:** Delivering the exact right message to the exact right person at the exact right time. No more generic emails. 🤖 **Automation:** Freeing your team from repetitive tasks (scheduling, segmentation, A/B testing) so they can focus on strategy. 🔮 **Predictive Analytics:** Knowing which leads will convert *before* you spend another dollar. Level up your brand strategy from manual effort to intelligent optimization. The key to better customer relationships and higher returns is automation. Are you letting the robots handle the heavy lifting yet? 👇 #AIMarketing #MarTech","🛑 **Stop Guessing. Start Growing.** 📈 of isn't the future of marketing—it's the *engine* lowering success right now. Forget ‘spray and pray.’ of allows for precision marketing so accurate, it feels like cheating. It’s like having a team of data scientists optimizing your campaigns 24/7. **Now of is transforming your ROI:** ✨ **Hyper-Personalization:** Delivering the exact right message to the exact right person at the exact right time. To more genetic email. 🤖 **Automation:** Freeing your team from repetition tasks (schelling, pigmentation, A/B testing) so they can focus on strategy. 🔮 **Predictive Analytics:** Knowing which leads will convert *before* you...",0.191,Neutral,0.281,Neutral,Easy,2.0,False
AI marketing,twitter,"AI marketing isn't just automation—it's hyper-personalization at scale. 🤯

It analyzes billions of behavioral signals in real-time to predict intent, optimize ad spend, and serve the perfect message at the *exact* moment of conversion.

Stop automating tasks. Start automating intelligence.

#AIMarketing #MarketingStrategy",,,,,,,,,,,,,
